,career_level,hard_skills,id,literacy,problem_solving,organised,collaboration,communication,analytical,maths,leadership,time_management,fast_learner,creative,attention_to_detail,motivated,adaptable,decision_making,project_management,customer_service,soft_skills,text,title,url
72,senior,"['Customer Relationship Management (CRM) Systems', 'Account Management Software', 'Salesforce', 'Data Analysis Tools'
]",72,0,0,1,1,1,0,0,0,1,0,0,0,0,1,0,0,1,"[Communication, Relationship building, Adaptability, Time management]",The successful applicant will have an in-depth understanding of search and a knowledge of cross-channel marketing.  Experience will include leading large delivery teams. ,Account Manager,https://leeds.tech/job/senior-account-manager/
74,mid-level,"['Customer Relationship Management (CRM) Systems', 'Salesforce', 'Microsoft Office', 'Communication Tools', 'Account Management Software', 'Data Analysis Tools']",74,0,0,1,0,1,0,0,1,0,0,0,0,0,0,0,0,1,"['creative', 'communicator', 'leadership', 'strategic']","We are looking for someone with the following skills and experience:  Excellent communicator  :   Strategic thinker   :   Good at spotting commercial opportunities   :   Strong leadership   :   Over two years’ agency experience in an account management role, specialising in digital   :   Strong digital marketing knowledge across SEO, paid media, CRO, PR etc.   :   Experience working with creative, development, and digital marketing experts   :   Experience in line management is desirable but not essential.
",Account Manager,https://leeds.tech/job/account-manager-3/
81,mid-level,"['Social Media Platforms', 'PR Tools', 'Communication Tools', 'Microsoft Office', 'Social Media Analytics Tools', 'Content Creation Tools', 'Project Management Software', 'SEO Tools', 'Google Analytics', 'Monitoring and Listening Tools'
]",81,1,0,1,0,1,0,0,0,0,0,0,0,0,0,,0,1,"['talented', 'writing']","We seek a talented creator of memorable stunts and strategies with a track record of working with agencies.  You will have an extensive list of contacts and be adept at writing proposals, dealing effectively with clients and managing campaigns.",Account Manager,https://leeds.tech/job/pr-and-social-account-managers/
111,mid-level,"['Customer Relationship Management (CRM) Systems', 'Salesforce', 'Communication Tools', 'Digital Marketing Platforms', 'Data Analysis Tools', 'Microsoft Office', 'Project Management Software', 'SEO Tools', 'Google Analytics', 'Monitoring and Listening Tools'
]",111,0,0,1,1,1,0,0,0,1,0,0,0,0,1,0,0,1,"[Communication, Adaptability, Relationship building, Time management]","Candidates will have a clear understanding of the digital marketplace and key solutions, such as web design and development, CMS, ecommerce, SEO and social meida.",Account Manager,https://leeds.tech/job/digital-account-executive/
123,mid-level,"['Customer Relationship Management (CRM) Systems', 'Salesforce', 'Communication Tools', 'Digital Marketing Platforms', 'Data Analysis Tools', 'Microsoft Office', 'Project Management Software', 'SEO Tools', 'Google Analytics', 'Monitoring and Listening Tools'
]",123,0,0,1,1,1,0,0,0,1,0,0,0,0,1,0,0,1,"[Communication, Adaptability, Relationship building, Time management]",You will have gained digital experience in an agency environment.  You have developed positive working relationships with clients and colleagues and have managed web builds.  You are familiar with project management tools.,Account Manager,https://leeds.tech/job/digital-account-manager-2/
138,mid-level,"['Customer Relationship Management (CRM) Systems', 'Salesforce', 'Communication Tools', 'Digital Marketing Platforms', 'Data Analysis Tools', 'Microsoft Office', 'Project Management Software', 'SEO Tools', 'Google Analytics', 'Monitoring and Listening Tools'
]",138,,,1,,1,,,,,,,,,,,,1,['comprehensive'],"You will have at least 3 years of account management experience and a comprehensive understanding of a how a digital agency resources and delivers projects.  You possess a strong grasp of search, advertising and content marketing, together with an affinity with clients.",Account Manager,https://leeds.tech/job/digital-account-manager/
139,mid-level,['integrity'],139,0,1,1,0,1,0,0,0,0,0,0,0,0,0,0,0,1,['problem-solving'],"cap hpi is looking for someone with proven experience in a similar sales environment, with a track record of developing and growing existing relationships with integrity.  Strong negotiating and problem-solving skills are also essential to this role.",Account Manager,https://leeds.tech/job/account-manager-2/
190,mid-level,"['Customer Relationship Management (CRM) Systems', 'Salesforce', 'Communication Tools', 'Digital Marketing Platforms', 'Data Analysis Tools', 'Microsoft Office', 'Project Management Software', 'SEO Tools', 'Google Analytics', 'Monitoring and Listening Tools']",190,0,0,1,1,1,0,0,0,1,0,0,1,0,0,0,0,1,"['time management', 'organised', 'team player', 'communicator', 'attention to detail']","You have the following attributes:   Excellent communicator who can build relationships quickly • Extremely organised and proactively take on task and the responsibility to deliver • A team player who enjoys working with others who actively contributes ideas • Excellent project management skills and can proactively problem solve • Excellent personal time management, with an ability to work efficiently and with attention to detail.",Account Manager,https://leeds.tech/job/account-executive-3/
8,junior,"['jira', '.net|dotnet|dotnetcore']",8,1,1,0,0,1,1,0,0,0,0,0,0,0,0,0,0,0,['problem-solving'],"Knowledge and skills required are problem-solving, working to tight deadlines and understanding the ticket escalation process, carrying out network look ups, SMS, SMPP, VoIP/SIP, MVNOs, JIRA and Confluence.  You will be happy to join the on call rota, work extended shifts and some week-ends.",Analyst,https://leeds.tech/job/technical-support-analyst-2/
11,mid-level,"['agile', 'scrum', 'sql']",11,1,1,0,0,1,1,0,0,0,0,0,0,1,0,0,0,0,"['analytical', 'problem-solving', 'driven']","We are looking for someone who is driven; someone with problem-solving skills and very strong analytical skills, preferably used to Agile/Scrum working.  You should have knowledge and experience of data query tools and SQL.",Analyst,https://leeds.tech/job/29673/
14,mid-level,['agile'],14,1,0,0,0,1,1,0,0,0,0,0,0,0,0,0,0,0,['communicate'],"Ideally, applicants will have hands-on business analyst experience in a lead role on large-scale software development projects sometimes complex and using agile methodologies.  Experience is also required of stakeholder management and using a variety of techniques to understand and communicate requirements.",Analyst,https://leeds.tech/job/business-analyst-2/
36,junior,['windows'],36,1,0,1,0,1,1,0,0,0,0,0,0,0,0,0,0,1,"['organised', 'customer service']","This isn't only about your existing skills, which is why you will always have an experienced member of staff on hand to help and advise you.  You should have an understanding of WIndows 7 and 10, a genuine interest in IT, be organised, and ideally have an IT-related qualification.  You will be the first point of contact, so customer service skills are crucial to this post.  You will respond, diagnose and resolve or escalate issues.",Analyst,https://leeds.tech/job/software-support-analyst-career-entry/
38,mid-level,"['ServiceNow', 'BMC Remedy', 'ITIL framework', 'Communication tools', 'Networking tools', 'Documentation tools', 'Collaboration tools', 'User support tools', 'Customer service platforms', 'Remote support tools']",38,1,1,0,0,1,1,0,0,0,0,0,0,0,1,0,0,1,"[Customer service, Communication, Problem-solving, Adaptability]","In addition to proven experience in a service management role in a medium to large organisations, you will have an excellent understanding of infrastructure and application delivery, working knowledge of ServiceNow, be ITIL Foundation certified and competent with LAN/WAN design and support and problem and change management (ITIL)",Analyst,https://leeds.tech/job/service-analyst/
63,junior,"['sqlserver|sql server|sqldatatools', 'windows', 'sql']",63,1,0,0,0,1,1,0,0,0,0,0,0,0,0,0,0,0,['writing'],"Experience of 2nd/3rd line software application support, SQL Server, writing SQL/T-SQL queries, Windows operating systems and knowledge of web-based apps.",Analyst,https://leeds.tech/job/service-desk-support-analysts/
75,junior,"['Testing Tools (e.g., Selenium, JUnit)', 'Bug Tracking Systems', 'Test Case Management Tools', 'SQL', 'Version Control Systems (e.g., Git)', 'JIRA', 'Continuous Integration Tools', 'Agile Testing Tools', 'Automated Testing Frameworks', 'Programming Languages (e.g., Java, Python)'
]",75,1,0,0,1,1,1,0,0,0,1,0,0,0,1,0,0,0,"[Eagerness to learn, Collaboration, Adaptability, Communication]","No previous experience of clinical-technical or software testing is required as full on the job training will be given. Aptitude for the role will be more important than previous experience in seeking the ideal candidate for the role, due to the ever-changing developments, and evolving requirements of the software.",Analyst,https://leeds.tech/job/graduate-software-test-analyst-french-speaking/
77,mid-level,"['Usability Testing Tools', 'CRO (Conversion Rate Optimization) Tools', 'Google Analytics', 'Heatmap Tools', 'A/B Testing Tools', 'Wireframing Tools', 'Prototyping Tools', 'Adobe Creative Suite', 'User Research Tools', 'SEO Tools'
]",77,1,0,0,0,1,1,0,0,0,0,0,0,0,0,0,0,0,['communicator'],"Applicants will have a degree or equivalent in psychology and an interest in UX and CRO, combined with being eager to learn and an excellent communicator.",Analyst,https://leeds.tech/job/ux-and-cro-executive/
78,mid-level,"['Usability Testing Tools', 'CRO (Conversion Rate Optimization) Tools', 'Google Analytics', 'Heatmap Tools', 'A/B Testing Tools', 'Wireframing Tools', 'Prototyping Tools', 'User Research Tools', 'SEO Tools', 'Adobe Creative Suite'
]",78,1,0,0,1,1,1,0,0,0,0,1,0,0,0,0,0,0,"[Analytical thinking, Creativity, Collaboration, Communication]","Applicants will have a psychology degree or equivalent, with a minimum of one year's experience in digital marketing and data analysis to spot trends.   Experience is also required of UX principles and AB test methodologies.",Analyst,https://leeds.tech/job/ux-and-cro-analyst/
97,mid-level,"['Microsoft Excel', 'JIRA', 'Confluence', 'SQL', 'Business Analysis Tools', 'Data Analysis Tools', 'Wireframing Tools', 'Process Modeling Tools', 'Requirements Gathering Tools', 'Documentation Tools'
]",97,1,0,0,1,1,1,0,0,0,0,0,0,0,0,0,0,0,"['confident', 'collaboration']","You will be a certified business analyst (ISEB, BCS, CBAP, CCBA) adept at stakeholder management and have relevant practical experience.  This will include being a confident stakeholder manager and promoting collaboration.",Analyst,https://leeds.tech/job/business-analyst-j2/
100,mid-level,['.net|dotnet|dotnetcore'],100,1,1,0,1,1,1,0,0,0,0,0,0,0,0,0,0,0,"[Analytical thinking, Problem-solving, Collaboration, Communication]","You will have previous experience of working within a helpdesk environment and experience in taking ownership of issues from being reported through to final resolution. A good working knowledge of ITIL would also be very useful, along with networking knowledge, including DNS/DHCP/Wireless/Printers/Scanners/Phones/AV/VC equipment.",Analyst,https://leeds.tech/job/euc-infrastructure-analyst/
114,mid-level,"['Google Ads', 'Bing Ads', 'Facebook Ads Manager', 'AdWords Editor', 'Google Analytics', 'PPC Campaign Management Tools', 'Keyword Research Tools', 'Landing Page Optimization Tools', 'Budget Management Tools', 'Conversion Tracking Tools'
]",114,1,0,0,0,1,1,0,0,0,0,0,0,0,0,0,0,0,['analytical'],"Experience with managing PPC campaigns across multiple sectors is important, as well as essential numerical, analytical and written skills.  Candidates should also be familiar with Google Analytics and similar statistical packages.",Analyst,https://leeds.tech/job/ppc-analyst/
116,mid-level,['agile'],116,1,1,0,1,1,1,0,0,0,0,0,0,0,0,0,0,0,"[Analytical thinking, Problem-solving, Collaboration, Communication]","Sky is looking for someone with experience of a range of agile analysis techniques, awareness of app and web development techniques and used to handling non-routine queries.  Also, experience is required with validation of business assumptions and requirements.",Analyst,https://leeds.tech/job/business-analyst-4/
127,junior,"['Usability Testing Tools', 'Wireframing Tools', 'Prototyping Tools', 'User Research Tools', 'Design Thinking', 'Collaboration Tools', 'Communication Skills', 'Analytical Skills', 'HTML/CSS Basics', 'Accessibility Standards'
]",127,1,1,0,0,1,1,0,0,0,0,0,0,0,0,0,0,0,"['communication', 'analytical', 'passion', 'positive attitude', 'proactive', 'problem-solving']","Applicants will have:  excellent communication skills and the ability to work both independently and within a team;
analytical and problem-solving skills and be comfortable working on multiple projects in a fast ­paced environment.
The successful applicant will also have a proactive and positive attitude as well as a passion for UX and a thirst to improve  knowledge and skillset.",Analyst,https://leeds.tech/job/entry-level-ux-analyst/
134,mid-level,"['Health Information Systems', 'Clinical Data Management Tools', 'Electronic Health Records (EHR)', 'Database Management Systems', 'Analytical Tools', 'Project Management Software', 'Communication Tools', 'Medical Terminology', 'HIPAA Compliance Knowledge', 'Data Security Measures'
]",134,1,0,0,0,1,1,0,0,0,0,0,1,0,0,0,0,0,"['communication', 'writing', 'attention to detail']","Significant experience:  Previous experience as a Healthcare Software Analyst.  Hands-on knowledge of how to elicit customer requirements and analyse workflows and usage data, in order to define business requirements and use cases.  Extensive experience of writing functional specifications for new features (not simply enhancements to existing features) for a major software system
Exceptional verbal and written communication.  Good attention to detail.",Analyst,https://leeds.tech/job/clinical-system-analyst/
142,mid-level,['iot'],142,1,1,0,1,1,1,1,1,1,1,1,1,1,1,1,1,1,"['organisation', 'talented']","Do you enjoy asking the right questions like “what outcomes do your customers want to realise?” and “what goals is your organisation trying to achieve?” Are you seeing digital as data, machine learning, VR and elements of IOT rather than just tablets or mobile? Would you enjoy working in a multi-disciplined team of talented engineers?
",Analyst,https://leeds.tech/job/business-analyst-3/
152,mid-level,"['Usability Testing Tools', 'Wireframing Tools', 'Prototyping Tools', 'User Research Tools', 'Design Thinking', 'Collaboration Tools', 'Communication Skills', 'UI/UX Design Tools', 'HTML/CSS Basics', 'Accessibility Standards'
]",152,1,1,0,0,1,1,0,0,0,0,0,0,0,0,0,0,0,"['empathy', 'passion', 'problem-solving']","These roles are entry level.  Applicants should have a passion for UX, a preference for research, strong interpersonal skills such as empathy and listening, problem-solving and advanced Microsoft skills.",Analyst,https://leeds.tech/job/usability-ux-practitioners/
216,mid-level,['agile'],216,1,0,0,0,1,1,0,0,0,0,0,0,0,0,0,0,0,['communication'],"The successful candidate will have excellent communication skills, both written and verbal, with proven stakeholder management skills and the ability to build and maintain fantastic working relationships with 3rd party suppliers and colleagues at all levels. You must have previous experience delivering projects in an Agile environment and preferably have worked within Ecommerce.
",Analyst,https://leeds.tech/job/digital-business-analyst/
225,mid-level,"[DataTools, Python, SQL, Visualization, Big Data, Statistics, BI, Cleaning, Databases, Modeling]",225,1,1,0,0,1,1,0,0,0,0,0,1,0,0,0,0,0,"['problem solving', 'attention to detail']","The successful candidate will ideally have experience in data monitoring within an Aviation or Engineering role, however candidates demonstrating strong technical or administration backgrounds from other industries may also be considered.  You will have meticulous attention to detail and a structured approach to problem solving, as well as the ability to engage with stakeholders at all levels. The Technical Data Analyst will have excellent IT skills and the ability to work closely with very technical data.
 ",Analyst,https://leeds.tech/job/technical-data-analyst/
251,mid-level,"['windows', 'linux', '.net|dotnet|dotnetcore']",251,1,1,0,0,1,1,0,0,0,0,0,0,0,0,0,0,0,"['analytical', 'problem-solving']","You will have an understanding of enterprise/corporate IT operations, the range of host and network-based enterprise security controls and the associated threat cases.  You’ll have gained administration skills across one-or-more operating systems, including Windows, macOS, or Linux; and the respective scripting languages and logging technologies for each.  You’ll bring strong analytical skills gained through prior experience of security investigations, or technical problem-solving in the Security or general IT world.",Analyst,https://leeds.tech/job/security-operations-analyst-soc-analyst/
254,mid-level,['azure|azuredevops'],254,1,1,0,1,1,1,0,0,0,0,0,1,0,0,0,0,0,"[Analytical thinking, Attention to detail, Problem-solving, Collaboration]","TransUnion is looking for someone with technical experience in Other, alongside technical and security qualifications.  The successful applicant will have an understanding of Cloud security technologies 0365 and Azure, knowledge and experience of ISO27001, PCI-DSS and DPA/GDPR regulations.  The requirement is that the postholder is available out of hours to deal with emergencies.",Analyst,https://leeds.tech/job/analyst-information-security/
259,senior,['agile'],259,1,1,0,1,1,1,0,0,0,0,0,1,0,0,0,0,0,"[Analytical thinking, Problem-solving, Attention to detail, Collaboration]","You will have a minimum of 5 years' manual testing experience in a commercial environment.  You will have extensive experience of Mobile, Regression, Web, System, Acceptance and UAT.  In addition, your experience will cover a range of test management tools and working in an agile development environment.",Analyst,https://leeds.tech/job/analyst-senior-analyst/
16,peak,['javascript|js|es6|ecmascript|ecmascript7'],16,0,1,0,0,0,0,0,0,1,0,0,0,0,0,0,0,0,"['exacting', 'mentor']","You are a technical authority who leads by example.  Your full lifecycle experience and familiarity with evaluating a new Open SOurce technology and working with Others and support desk staff facilitate your position as a mentor, helping already experienced developers meet bjss exacting standards.",Architect,https://leeds.tech/job/technical-architect/
22,peak,['mvc'],22,0,1,0,1,1,0,0,1,1,0,0,0,0,0,0,0,0,"[Strategic Thinking, Leadership, Problem-solving, Collaboration, Communication]","First Locate is looking for someone with an understanding of 00 programming, experience with MVC frameworks and knowledge of a wide range of core skills as listed below:",Architect,https://leeds.tech/job/development-architect-engineer/
48,peak,"['agile', 'aws', 'java', 'linux', 'aws|amazon web services']",48,0,1,0,1,1,1,0,0,1,0,0,0,0,1,0,0,0,"[Analytical thinking, Leadership, Collaboration, Communication]","You will have proven experience of the design and implementation of successful web delivery platforms and a range of AWS services.  Further experience will also include migrating apps into AWS and re-architecting.  You will possess a good understanding of Linux and Java based operating systems and app stacks, together with a solid grasp of the principles of Agile and DevOps.",Architect,https://leeds.tech/job/aws-technical-architect/
54,senior,"['sqlserver|sql server|sqldatatools', 'specflow', 'selenium', 'teamcity', 'gitlab', 'sql']",54,0,1,0,0,1,0,0,1,1,0,0,0,0,1,0,0,0,"[Leadership, Problem-solving, Collaboration, Adaptability]","Applicants must have experience and a high level of skill in the following:  GitLab, TeamCity, Octopus Deploy, IIS, SQL Server, Test Automation Solutions, SPecFlow and Selenium Web Drivere.",Architect,https://leeds.tech/job/senior-devops-architect-head-of-devops/
88,peak,"['Test Automation Frameworks (e.g., Selenium, Appium)', 'Programming Languages (e.g., Java, Python)', 'Testing Tools', 'Continuous Integration Tools', 'Version Control Systems (e.g., Git)', 'JIRA', 'Agile Testing Tools', 'Load Testing Tools', 'API Testing Tools', 'Test Management Tools'
]",88,0,1,0,1,1,1,0,1,1,0,0,0,0,0,0,0,0,"[Analytical thinking, Leadership, Collaboration, Communication]",Jet2.com is looking for someone with several years of hands-on coding and test automation experience.  The successful candidate will also be able to lead and motivate and enjoy coaching within the role.,Architect,https://leeds.tech/job/test-automation-architect/
192,peak,['agile'],192,0,1,0,1,0,0,0,0,1,0,0,0,0,0,0,0,0,['collaborative'],"Experience:  • Proven architecture and software development experience in a medium to large company • Worked in an agile team • Worked in a highly collaborative team • Experience of architectural frameworks, tools, patterns and the production of associated artefacts to support the Software Development Lifecycle
 • Hands-on Software Engineering background with knowledge of multiple technologies, development languages and practices",Architect,https://leeds.tech/job/architect-software/
230,peak,"['saas', 'csharp|c#', 'serverless', 'c', 'sql']",230,0,1,0,1,0,0,0,1,1,0,0,0,0,1,0,0,0,"[Problem-solving, Leadership, Collaboration, Adaptability]","Essential experience and skills:
10 years + experience in a similar environment 
Experience as a software developer
Knowledge and experience of C# & .Net 
Knowledge and experience of SQL and NoSql technology 
Knowledge and experience in Serverless 
Experience in SaaS development",Architect,https://leeds.tech/job/software-engineer-and-architect/
231,peak,"['saas', 'csharp|c#', 'serverless', 'c', 'sql']",231,0,1,0,1,0,0,0,1,1,0,0,0,0,1,0,0,0,"[Problem-solving, Leadership, Collaboration, Adaptability]","Essential experience and skills:
10 years + experience in a similar environment 
Experience as a software developer
Knowledge and experience of C# & .Net 
Knowledge and experience of SQL and NoSql technology 
Knowledge and experience in Serverless 
Experience in SaaS development",Architect,https://leeds.tech/job/software-engineer-and-architect/
250,peak,"[Architecture, Cloud, Programming, Databases, Integration, Security, Communication, Project Management, Agile, Design]",250,0,1,0,1,0,0,0,0,1,0,0,0,0,0,0,0,0,['critical'],"The job requires full knowledge of theories, principals and concepts within own function
Knowledge and experience of web technologies, techniques and practices in a mission critical environment.  Designing and developing secure technical solutions.   Documenting technical solutions and approaches.  Extensive post-qualification experience in a relevant environment.",Architect,https://leeds.tech/job/solutions-architect/
1,mid-level,"['Google Analytics', 'SEMRush', 'WordPress', 'Salesforce', 'HubSpot', 'Optimizely', 'Adobe Creative Suite', 'Facebook', 'Twitter', 'Google Ads'
]",1,0,0,0,1,0,0,0,1,0,0,0,0,1,0,1,0,1,['all-rounder'],"You will be educated to degree level in marketing, with at least three years'experience in a marketing or consulting capacity.  You'll be an all-rounder: SEA, PPC, Mobile social media, online PR and web development savvy.",Consultant,https://leeds.tech/job/digital-marketing-consultant/
66,senior,"['Training Management Systems', 'Learning Management Systems (LMS)', 'Microsoft Office', 'Communication Tools', 'Presentation Software'
]",66,0,0,0,1,1,0,0,1,0,0,0,0,1,0,1,0,1,"['enthusiastic', 'communicator']","You are motivational, enthusiastic, an effective communicator and have hands-on experience of our system, together with experience of MS Office.",Consultant,https://leeds.tech/job/Other-and-system-consultant/
199,mid-level,"['javascript|js|es6|ecmascript|ecmascript7', 'iot', 'c']",199,1,0,0,1,0,0,0,1,0,0,0,0,1,0,1,0,1,"['client facing', 'writing', 'strategic']","BJSS is looking for the following attributes:  Proven experience within a Consultancy environment is key for this role. You must have worked across a range of engagements with clients and have successfully delivered tangible benefits to the end client. Experience working as an Enterprise, Business, Technical Architect or Strategy Consultant.  Specialisation in at least one strategic Digital Technology: AI, Cloud, IoT, Analytics, Cyber-security.  Experience scoping, planning and leading activities from writing proposals through to managing client relationships and ensuring successful project delivery.  Client facing experience up to 'C' suite",Consultant,https://leeds.tech/job/technology-consultant-it-strategy/
200,mid-level,"['agile', 'azure|azuredevops', 'aws', 'aws|amazon web services']",200,0,0,0,1,0,0,0,1,0,0,0,0,1,0,1,0,1,['leadership'],"Required skills include:  experience around target operating models in the data space, data strategy planning, in-depth experience of Agile, deep understanding of database technology landscape and a willingness to keep up to date with it, knowledge of Cloud provider offerings (e.g. AWS and Azure), leadership skills, senior stakeholder engagement and consulting experience.
",Consultant,https://leeds.tech/job/technology-consultant-data-strategist/
202,mid-level,"['saas', 'integration', 'azure|azuredevops', 'aws', 'vmware*', 'iaas', 'rackspace', 'paas', 'vcloud', 'aws|amazon web services']",202,0,1,0,1,1,0,0,1,0,1,0,0,1,1,1,0,1,"[Technical Expertise, Communication, Problem-solving, Adaptability, Collaboration, Continuous Learning]","You will have experience in delivering solutions covering one or more of the following areas within a Cloud environment; outsourcing, networking, contact centres, end-user computing, data centres, and middleware/integration.

This specific role is focused on expertise in cloud technologies (AWS, Azure, Rackspace, VMware vCloud) and service-oriented architecture (IaaS, PaaS, SaaS). You will have demonstrable architecture and implementation experience in one or more of these areas; designing for failure, loosely-coupled components, elasticity, etc. You will also have extensive experience of traditional “on-premise” Infrastructure solutions",Consultant,https://leeds.tech/job/cloud-consultant/
208,senior,"['Project Management Software', 'Data Management Tools', 'Data Analysis Tools', 'Database Management Systems', 'Communication Tools', 'Agile Methodologies', 'Programming Languages (e.g., Python, SQL)', 'Big Data Technologies', 'Data Governance Tools', 'Data Integration Tools']",208,0,1,0,1,1,0,0,1,0,0,0,0,1,1,1,1,1,"[Project Management, Communication, Problem-solving, Collaboration, Adaptability, Leadership]","You will have project management experience, be an excellent stakeholder manager and have experience of technology linked projects, in particular data management.

Experience of working with mixed and distributed team",Consultant,https://leeds.tech/job/technology-specialist-data-project-management/
266,mid-level,"[Usability Testing, Wireframing, Prototyping, User Research, Design Thinking, Collaboration, Communication, UI/UX, HTML/CSS, Accessibility]",266,0,0,0,1,0,0,0,1,0,0,0,0,1,0,1,0,1,['passion'],"You have:  3+ years of commercial experience in a UX role such as UX Designer / UX Architect / UX Principal / Service Designer.
A degree in Digital Design, HCI, Psychology, Computing or other relevant subject OR relevant commercial experience.  A strong understanding of and passion for user centred design principles.  Facilitation and moderation experience of qualitative research methodologies such as in-depth interviews & usability testing on multiple platforms.  Experience in designing UX solutions across desktop and mobile.",Consultant,https://leeds.tech/job/ux-design-consultant/
10,peak,"['Sketch', 'Adobe XD', 'InVision', 'Figma', 'Usability testing tools', 'Responsive design frameworks', 'Accessibility tools', 'User research tools', 'Wireframing tools']",10,0,1,0,1,0,0,0,1,0,0,1,0,0,0,0,0,0,['leadership'],"You will have a strong and varied design history and stakeholder management experience, with a tried and tested toolkit and leadership skills across multiple products.",Designer,https://leeds.tech/job/29676/
55,senior,"['csharp|c#', 'c']",55,0,0,0,1,1,0,0,0,0,0,1,0,0,1,0,0,0,"[Creativity, Collaboration, Adaptability, Communication]","You are an expert with Unity Game Engine, shader creation and manipulation; and scripting with C# within Unity.  You have experience with creating real-time visual effects sequences, particle and lighting effects.",Designer,https://leeds.tech/job/unity-technical-artist/
56,senior,"['Unity', 'Unreal Engine', 'Blender', 'Maya', 'C#', 'Storyboarding Tools', 'Adobe Creative Suite'
]",56,0,0,0,1,1,0,0,0,0,0,1,0,0,0,0,0,0,['communication'],"Excellent communication skills, together with expertise in casual/mobile mechanics, are requirements for this post.   Also required is an understanding of how to make games engaging, UI/UX challenges and a knowledge of game balancing, pacing mechanics and systems design. ",Designer,https://leeds.tech/job/senior-game-designer/
79,junior,"['photoshop', 'illustrator', 'indesign']",79,0,0,0,1,1,0,0,0,0,0,1,0,0,0,0,0,0,"['communication', 'creative', 'passion']","With a creative eye and a passion for design, you will understand visual design principles, be adept at Photoshop, Illustrator, InDesign and Sketch.  Add to those at least one year of commercial experience and strong communication skills, and we would like to hear from you.",Designer,https://leeds.tech/job/junior-digital-designer/
80,mid-level,"['Programmatic Display Platforms', 'AdTech Platforms', 'Demand-Side Platforms (DSPs)', 'Data Management Platforms (DMPs)', 'Google Analytics', 'Microsoft Excel', 'Communication Tools', 'Creative Design Tools', 'A/B Testing Tools', 'Ad Verification Tools'
]",80,0,0,0,1,1,1,0,0,0,0,1,0,0,0,0,0,0,"[Analytical thinking, Creativity, Collaboration, Communication]",You will have media or display-related experience and an understanding of the tools needed to deliver a programmatic campaign.  You will be required to analyse and interpret campaign data and make recommendations.,Designer,https://leeds.tech/job/programmatic-display-executive/
84,mid-level,"['Adobe Creative Suite', 'Sketch', 'Figma', 'InVision', 'Communication Tools', 'Wireframing Tools', 'Prototyping Tools', 'HTML/CSS', 'Typography Tools', 'Brand Design Tools'
]",84,0,0,0,1,1,0,0,0,0,0,1,0,0,1,0,0,0,"[Creativity, Attention to detail, Collaboration, Communication]",You will already have experience of working on a number of exciting projects and will not be constrained by convention.  You will have a clear understanding of the industry and be working towards Senior Designer.,Designer,https://leeds.tech/job/middleweight-designer/
86,senior,"['Adobe Creative Suite', 'Sketch', 'Figma', 'InVision', 'Communication Tools', 'Wireframing Tools', 'Prototyping Tools', 'Typography Tools', 'Brand Design Tools', 'Packaging Design Tools'
]",86,0,0,0,1,1,0,0,0,0,0,1,0,0,1,0,0,0,"[Creativity, Collaboration, Adaptability, Communication]","If you have 5 years' experience and an FMCG portfolio, and a real understanding of the FMCG world but you're not tied to the conventions, then you could be who we're looking for.",Designer,https://leeds.tech/job/senior-designer-fmcg/
101,mid-level,"['photoshop', 'illustrator', 'indesign', 'typography', 'photography']",101,0,0,0,1,1,0,0,0,0,0,1,1,0,0,0,0,0,"[Creativity, Attention to detail, Collaboration, Communication]","We are seeking someone with a graphic design-related qualification and a minimum of three years' experience, preferably in an agency.  Applicants should also be able to use typography and photography creatively and Photoshop, Illustrator and InDesign intelligently.  It is also important to understand the use of print techniques.",Designer,https://leeds.tech/job/graphic-designer/
129,junior,"['Adobe Creative Suite', 'Sketch', 'Figma', 'InVision', 'Communication Tools', 'Wireframing Tools', 'Prototyping Tools', 'HTML/CSS Basics', 'Typography Tools', 'Brand Design Tools'
]",129,0,0,0,1,1,0,0,0,0,0,1,1,0,0,0,0,0,['presentation'],"Applicants will be able to demonstrate talents as follows: Design of brochure websites, bespoke web applications, social media assets (GIFs, videos).  Production of interactive online mockups.  Presentation of designs as sketches, concepts or production-ready artwork.  ",Designer,https://leeds.tech/job/junior-digital-designer-2/
131,mid-level,"['Wireframing Tools', 'Prototyping Tools', 'UI/UX Design Tools', 'Collaboration Tools', 'Design Thinking', 'User Research Tools', 'Adobe Creative Suite', 'Communication Skills', 'HTML/CSS Basics', 'Accessibility Standards'
]",131,0,0,0,1,1,0,0,0,0,0,1,1,0,1,0,0,0,"['curiosity', 'kind', 'positive attitude']","You could be a designer in an agency, consultant or work in an in-house team. For us, it’s not just about having the right kind of professional experience, it’s as much about having a positive attitude, lots of curiosity and an ability to pick things up quickly. ",Designer,https://leeds.tech/job/product-designer/
145,mid-level,"['Adobe Creative Suite', 'Sketch', 'Figma', 'InVision', 'Communication Tools', 'Wireframing Tools', 'Prototyping Tools', 'HTML/CSS Basics', 'Typography Tools', 'Brand Design Tools'
]",145,0,0,0,1,1,0,0,0,0,0,1,1,0,1,0,0,0,"[Creativity, Attention to Detail, Collaboration, Adaptability, Communication]",You will either be a recent graduate with an impressive portfolio or else you will be working in digital design.  You will be competent across a wide range of design tools.,Designer,https://leeds.tech/job/digital-designer-2/
172,mid-level,"['Adobe Creative Suite', 'Sketch', 'Figma', 'InVision', 'Communication Tools', 'Wireframing Tools', 'Prototyping Tools', 'Typography Tools', 'Brand Design Tools', 'UI/UX Design Tools']",172,0,1,0,1,0,0,0,0,0,0,1,0,0,0,0,0,0,"['creative', 'passion', 'problem solver']","We're looking for:  A creative thinker and problem solver. We love to push what we do and challenge preconceptions of clients to solve problems in new ways.  • An ability to work independently and in partnership with the team. We’re a close knit group who need to juggle a lot and manage our time well.  • An understanding that a solution must work, not just look great. We care about our clients’ consumers, the right person for us will get stuck into the why, not just the what.  • A passion for design that goes beyond one discipline.  • Previous professional design experience, whether that’s a year or two in an agency, an internship, or freelance.",Designer,https://leeds.tech/job/creative-designer/
173,mid-level,"['HTML/CSS', 'JavaScript', 'Responsive Design Frameworks (e.g., Bootstrap)', 'Web Design Tools (e.g., Adobe Dreamweaver)', 'Adobe Creative Suite', 'Communication Tools', 'Wireframing Tools', 'Prototyping Tools', 'UI/UX Design Tools', 'Content Management Systems (e.g., WordPress)']",173,0,1,0,1,0,0,0,0,0,0,1,0,0,0,0,0,0,"['creative', 'passion', 'problem solver']","We're looking for a creative thinker and problem solver. We love to push what we do and challenge preconceptions of clients to solve problems in new ways.  An understanding of the limitations and possibilities with web platforms of today.  An ability to work independently and in partnership with the team. We’re a close-knit group who need to juggle a lot and manage our time well.
An understanding that a solution must work, not just look great. We care about our clients’ consumers - the right person for us will get stuck into the why, not just the what.  A passion for design that goes beyond one discipline.  Previous professional design experience, whether that’s a year or two in an agency, an internship, or freelance.",Designer,https://leeds.tech/job/web-designer/
187,mid-level,"['Adobe Creative Suite', 'Sketch', 'Figma', 'InVision', 'Communication Tools', 'Wireframing Tools', 'Prototyping Tools', 'Typography Tools', 'Brand Design Tools', 'UI/UX Design Tools']",187,0,0,0,1,0,0,0,0,0,0,1,0,0,0,0,0,0,['creative'],"The Designer will support the agency’s creative offering by collaborating with account teams to contribute to creative ideas and refine design briefs. The role also involves supporting the Senior Creative in creating campaign creative, pitch presentations and developing the agency’s brand collateral.",Designer,https://leeds.tech/job/designer-2/
238,peak,"[Adobe, Sketch, Figma, InVision, Communication, Wireframing, Prototyping, Typography, Brand Design, UI/UX]",238,0,1,1,1,0,0,0,1,0,0,1,0,0,0,0,0,0,"['leader', 'organised', 'problem solver', 'compelling']","You will be a senior all-round leader, one with broad experience across both digital and print channels. Retail would be a bonus, but we’re firstly looking for a big thinker, problem solver and commercially minded individual who thrives working in an organised way to increasingly tight, demanding, deadlines. The ability to articulate and provide compelling rationales for your work is also vital.",Designer,https://leeds.tech/job/head-of-design/
6,senior,"['javascript', 'javascript|js|es6|ecmascript|ecmascript7', 'php', 'html', 'jquery', 'sass', 'css', 'less', 'version control']",6,0,1,1,1,1,1,1,0,1,1,1,1,0,0,0,0,0,['enthusiasm'],"We are looking for someone with enthusiasm for and interest in tech; someone with HTML5, CSS3, JavaScript, jQuery, PHP, SASS/LESS skills and experience with task automation, media queries, responsive design, developing WordPress, version control and a portfolio which showcases your skills and experience.",Developer,https://leeds.tech/job/senior-developer/
7,junior,"['javascript', 'javascript|js|es6|ecmascript|ecmascript7', 'php', 'html', 'jquery', 'sass', 'css', 'less', 'version control']",7,0,1,1,1,1,1,1,0,0,1,0,1,0,1,0,0,0,['enthusiasm'],"Together with an enthusiasm for tech and an avid interest in trends, you will have the following skills and experience:  HTML5, CSS3, JavaScript, jQuery, PHP, SASS/LESS, task automation, media queries, responsive design, development of the WordPress platform, version control and a portfolio which showcases your development experience.",Developer,https://leeds.tech/job/junior-and-mid-weight-developers/
13,mid-level,"['javascript', 'integration', 'javascript|js|es6|ecmascript|ecmascript7', 'fireworks', 'html', 'photoshop', 'jquery', 'css']",13,0,1,1,1,0,0,0,0,1,0,1,1,0,0,0,0,0,"[Creativity, Attention to user experience, Collaboration, Time management]","Rather than looking at your years of experience, we will expect you to attend a trial day at Parallax.  Your skills should include:  HTML5, CSS3, Cross-browser compatibility, JavaScript, jQuery , integration with service-side code, responsive web design, and chopping up designs in Sketch, Photoshop and Fireworks.",Developer,https://leeds.tech/job/front-end-web-developer-3/
20,mid-level,"['javascript', 'javascript|js|es6|ecmascript|ecmascript7', 'html', 'css']",20,0,1,0,1,1,0,1,0,0,1,0,1,0,1,0,0,0,"['communication', 'keen to learn', 'enthusiastic', 'team player', 'problem-solving']","You should be keen to learn and enthusiastic about developing great software.  You will have excellent communication and problem-solving skills, be a team player and have a focus on security.  Your skills will include:  HTML, JavaScript, CSS and database design.",Developer,https://leeds.tech/job/full-stack-php-developer/
23,junior,"['javascript', 'javascript|js|es6|ecmascript|ecmascript7', 'csharp|c#', 'sqlserver|sql server|sqldatatools', 'php', 'html', 'bootstrap', 'c', 'mvc', 'css', 'sql']",23,0,1,0,0,1,0,0,0,1,1,0,1,0,1,0,0,0,"[Eagerness to learn, Adaptability, Communication, Time management]","A recent 2.1 or above graduate would thrive on this opportunity to build on existing skills.  Desirable skills for the role are; C#, .NET, PHP, SQL Server, HTML, CSS, JavaScript, MVC, Entity Framework and Bootstrap, but attitude and willingness to learn are more important and a structured training program will be provided if you have what it takes.",Developer,https://leeds.tech/job/graduate-web-developer/
26,junior,"['javascript', 'javascript|js|es6|ecmascript|ecmascript7', 'csharp|c#', 'sqlserver|sql server|sqldatatools', 'html', 'asp', '.net|dotnet|dotnetcore', 'c', 'css', 'sql']",26,0,1,0,1,0,0,0,0,1,1,0,1,0,0,0,0,0,"[Eagerness to learn, Collaboration, Problem-solving, Time management]","You will have at least 2 years' commercial experience and will be able to utilise your existing skills in ASP.net, C#, SQL Server, HTML, CSS and JavaScript to design, implement and test a software portfolio for a range of clients.",Developer,https://leeds.tech/job/junior-net-developer/
27,senior,"['javascript', 'javascript|js|es6|ecmascript|ecmascript7', 'csharp|c#', 'html', 'bootstrap', 'svn', 'jquery', 'asp', '.net|dotnet|dotnetcore', 'git', 'sass', 'c', 'mvc', 'css', 'less', 'sql']",27,0,1,0,1,1,0,1,0,0,0,0,1,0,1,0,0,0,"[Problem-solving, Teamwork, Communication, Adaptability]","Essential skills:    > Visual Studio  > Microsoft SQL (including stored procedures, TSQL, Indexing and SSMS)  > ASP.NET MVC  > C#
> Web API (restful and 3rd party)   > JavaScript/jQuery (and associated skills such as Typescript, JSON)   > HTML   > CSS/LESS/SASS 
  and UI frameworks (e.g. Bootstrap, Foundation)   > ORMs, such as Entity Framework, Hibernate   > Dependency injection (e.g.Ninject, Unity, Windsor)   > Software architecture patterns, such as MVC, MVVM, SOLID, IOC etc.   > Experience of testing and mocking 
  frameworks (e.g. N & X Unit, MS Test)   > Source control (e.g. GIT, SVN)
",Developer,https://leeds.tech/job/experience-net-developer/
30,senior,"['javascript', 'javascript|js|es6|ecmascript|ecmascript7', 'csharp|c#', 'sqlserver|sql server|sqldatatools', 'azure|azuredevops', 'jquery', 'c', 'mvc', 'sql', 'react']",30,0,1,0,0,0,0,0,1,1,0,0,1,0,1,0,0,0,"['leader', 'leadership']","If you are motivational and a strong leader with previous roles in a technical leadership capacity, then we want to hear from you!
You will have significant experience as a developer within a .Net software development environment and have strong technical skills in; C#, MS MVC, SQL and XML. Additionally, you will have a good level of understanding in SQL Server, XSLT/XSD, Javascript, Design Patterns and Web Services along with a successful track record of delivering sizeable systems development projects.
Knowledge of Azure, IIS, VSTS, REACT, .Net CORE, Active MQ, jQuery and CMS would be a distinct advantage, however this is not essential.

",Developer,https://leeds.tech/job/lead-developer/
32,mid-level,"['agile', 'csharp|c#', 'c', 'sql']",32,0,1,0,1,1,1,1,0,0,0,0,1,0,0,0,0,0,"[Analytical thinking, Attention to detail, Collaboration, Communication]","We are looking for someone with great programming skills in various language, especially C# and SQL; someone who is used to working with agile methodologies and understands design and architecture.",Developer,https://leeds.tech/job/developer-in-test/
34,mid-level,"['agile', 'csharp|c#', 'sqlserver|sql server|sqldatatools', 'c', 'sql']",34,0,1,0,0,1,0,1,0,0,0,0,1,1,1,0,0,0,"['passion', 'communicator']","Whilst it will be an advantage if you are educated to degree level, we are looking for someone with a passion for technology who is a good communicator and can work well with teams, with a knowledge of agile and experience in some or all of the following:  .NET, C#, SQL Server, WFP and WCF.",Developer,https://leeds.tech/job/developer-2/
45,mid-level,"['java', 'git', 'tdd']",45,0,1,0,0,1,0,0,0,1,0,0,1,0,0,0,0,0,['communicator'],"As well as being a naturally good communicator and learner, you will have experience with software development using Java 7 or 8, and exposure to Hibernate, SPring or Git, as well as a knowledge of TDD.",Developer,https://leeds.tech/job/java-developer-2/
49,mid-level,"['Python', 'R', 'SQL', 'Jupyter Notebooks', 'Git', 'Microsoft Excel', 'Tableau', 'Pandas', 'NumPy', 'Matplotlib']",49,0,1,0,1,1,1,0,0,0,0,0,1,0,1,0,0,0,"[Analytical thinking, Collaboration, Adaptability, Communication]","You will have at least 3 years' experience of database development and traditional ETL/ELT, API use, web-page scraping, Cloud-based development and much more........ ",Developer,https://leeds.tech/job/developer-data-analyst/
50,senior,"['Python', 'Scrapy', 'Django', 'Flask', 'SQL', 'Git', 'Linux', 'RESTful APIs', 'Web Scraping Techniques', 'Database Management Systems'
]",50,0,1,0,1,1,0,1,0,0,0,0,1,0,1,0,0,0,"[Problem-solving, Collaboration, Adaptability, Communication]","Experience is required with hiring contractors to produce web scraping modules and with large scale web scraping projects, including management of rate limiting.",Developer,https://leeds.tech/job/python-scrapy-senior-developer/
51,mid-level,"['javascript', 'javascript|js|es6|ecmascript|ecmascript7', 'html', 'css']",51,0,1,0,1,0,0,0,0,1,0,1,1,0,0,0,0,0,"[Creativity, Attention to user experience, Collaboration, Time management]","Juniors must have at least a year's experience, mid-weights 3 years and seniors over 5 years of interface development using HTML, CSS and JavaScript.  If you have worked with an agency, that is preferable.",Developer,https://leeds.tech/job/front-end-developer-2/
57,mid-level,"['rspec', 'rails|ruby on rails|rubyonrails', 'ruby']",57,0,1,0,1,1,0,0,0,0,0,0,1,0,1,0,0,0,"[Problem-solving, Collaboration, Adaptability, Communication]","Experienced in:  Ruby on Rails and e.g. RSpec and Resque.  Understanding of design principles and best practices.  Database technology, source control and a proven track record of producing fully functional web apps.",Developer,https://leeds.tech/job/ruby-on-rails-developer/
58,mid-level,"['javascript', 'javascript|js|es6|ecmascript|ecmascript7', 'react native', 'react']",58,0,1,0,0,0,0,0,0,0,0,0,1,0,0,0,0,0,['writing'],"Experience required:  JavaScript coding, up to date best practices in writing front end JavaScript, common JavaScript libraries and frameworks to build apps, at least one React/React Native app.",Developer,https://leeds.tech/job/react-react-native-front-end-developer/
60,mid-level,"['javascript', 'javascript|js|es6|ecmascript|ecmascript7', 'csharp|c#', 'reactnative', 'java', 'rails|ruby on rails|rubyonrails', 'c', 'ruby', 'react', 'tdd', 'node.js|nodejs']",60,0,1,0,1,1,0,1,0,0,0,0,1,0,1,0,0,0,"[Problem-solving, Collaboration, Adaptability, Communication]","Experience is required in some of the following:  Javascript (React/Redux/ReactNative/NodeJS),  Unity / C#,  Unreal / C++,  Java,  Haxe,   Swift,    Ruby on Rails.   Experience and skills are required in designing, architecting and delivering clean, modern codebases, including:
Experience with automated testing (BDD/TDD or otherwise)",Developer,https://leeds.tech/job/full-stack-developer/
62,mid-level,"['javascript', 'nginx', 'javascript|js|es6|ecmascript|ecmascript7', 'html', 'linux', 'git', 'css', 'sql']",62,0,1,0,1,1,0,1,0,0,0,0,1,0,1,0,0,0,"[Problem-solving, Collaboration, Adaptability, Communication]","You will have at least one year of commercial software development experience and any PHO based framework.  You might also have experience of Linux, Nginx, Git-based source control, My SQL/Percona and JavaScript/HTML/CSS.",Developer,https://leeds.tech/job/php-software-developer/
64,mid-level,"['javascript', 'javascript|js|es6|ecmascript|ecmascript7', 'java', 'html', 'css', 'sql']",64,0,1,0,0,0,1,0,0,0,0,0,1,0,0,0,0,0,"['problem-solver', 'analytical', 'passion']","We are looking for someone with at least 3 years of commercial development experience in at least two of the following platforms:
Java, IOS, Android.  You should also have programming passion and be analytical and a good problem-solver, together with having an understanding of web-based design and development.  Additionally, you will have experience in at least one of the following:   databases, SQL, NoSQL, HTML, CSS, JavaScript, XML/XSD, SOAP, REST or others.",Developer,https://leeds.tech/job/mobile-developer/
65,mid-level,"['java', 'sql']",65,0,1,0,0,0,1,1,0,0,0,1,1,0,1,0,0,0,"['flexible', 'creative', 'analytical', 'passion', 'problem-solving']","You will have technical knowledge and experience and a passion for development.  Java, database and SQL are preferred, but a willingness to train may be the alternative.  You should have problem-solving and analytical skills, along with a flexible and creative approach to your work.",Developer,https://leeds.tech/job/developers/
15,mid-level,"['Canva', 'Mailchimp', 'Google Analytics', 'Buffer', 'Hootsuite', 'Social media advertising platforms', 'Content creation tools', 'Email marketing platforms', 'SEO tools', 'Google Ads'
]",15,1,0,0,0,1,0,0,0,0,0,1,0,0,0,0,0,0,['creative'],You will ideally have experience in a similar role and be able to demonstrate the execution of creative digital campaigns.  You have a natural affinity with content and an excellent understanding of digital marketing.,Digital Marketing Executive,https://leeds.tech/job/digital-marketing-executive-4/
18,mid-level,['excel'],18,1,1,0,0,0,1,0,0,0,0,1,0,0,0,0,0,0,"['written English', 'analytical', 'problem-solving']","You have an understanding of digital marketing and are keen to know more.  You have analytical and problem-solving skills, alongside the ability to report astutely with strong written English.  You are also familiar with MS Office, especially Excel.",Digital Marketing Executive,https://leeds.tech/job/digital-marketing-executive-consultant/
42,mid-level,"['WordPress', 'Social Media Platforms', 'SEO Tools', 'Google Analytics', 'Email Marketing Platforms', 'Public Relations Tools', 'Graphic Design Tools', 'Online Analytics Tools']",42,1,0,0,0,1,1,0,0,0,0,1,0,0,0,0,0,0,"[Creativity, Communication, Time management, Adaptability]",You will have a track record of implementing content strategies and campaigns successfully to drive website traffic and improve rankings.  You will be familiar with PR tools such as Gorkana and have experience in managing a portfolio of projects.,Digital Marketing Executive,https://leeds.tech/job/online-content-and-pr-executive/
67,mid-level,"['Social Media Advertising Platforms', 'Content Creation Tools', 'Email Marketing Platforms', 'Google Analytics', 'Marketing Automation Tools'
]",67,1,0,0,0,1,1,0,0,0,0,1,0,0,0,0,0,0,"['communication', 'analytical']","Blue Logic is looking for someone with good copywriting, analytical and communication skills with a knowledge of the concepts of digital marketing, the main channels and techniques.  ",Digital Marketing Executive,https://leeds.tech/job/digital-marketing-executive-3/
90,mid-level,"['Social Media Advertising Platforms', 'Content Creation Tools', 'Email Marketing Platforms', 'Google Analytics', 'Marketing Automation Tools', 'SEO Tools', 'Google Ads', 'Data Analytics and Reporting', 'A/B Testing Tools', 'Communication Tools'




]",90,1,0,0,0,1,1,0,0,0,0,1,0,0,0,0,0,0,"['confident', 'creative', 'communicator', 'listener']","Apply only if you are positive, a confident contributor without ego, a good listener and a great communicator with a creative way with words.",Digital Marketing Executive,https://leeds.tech/job/digital-marketing-executive-2/
108,mid-level,['excel'],108,1,0,0,0,1,1,0,0,0,0,1,0,0,0,0,0,0,"['confident', 'writing']","Applicants will have at least two years' experience in SEO/digital marketing and be confident in carrying out tech SEO audits.  Also required is advanced knowledge of Word, Excel and PowerPoint, together with strong writing skills and a track record of ROI via digital strategy.",Digital Marketing Executive,https://leeds.tech/job/digital-marketing-executive/
109,mid-level,"['Social Media Platforms', 'PR Tools', 'Communication Tools', 'Content Creation Tools', 'Social Media Analytics Tools', 'Adobe Creative Suite', 'Monitoring and Listening Tools', 'Project Management Software', 'SEO Tools', 'Google Analytics'
]",109,0,0,0,0,1,1,0,0,0,0,1,0,0,0,0,0,0,['communication'],"You will have experience of working with social media platforms, together with excellent written communication skills.  I deally, you are currently working in PR.",Digital Marketing Executive,https://leeds.tech/job/pr-social-executive/
119,senior,"['Digital Marketing Platforms', 'Google Analytics', 'SEO Tools', 'PPC Campaign Management Tools', 'Content Management Systems (e.g., WordPress)', 'Social Media Platforms', 'Email Marketing Platforms', 'Marketing Automation Tools', 'Data Analytics and Reporting Tools', 'Adobe Creative Suite'
]",119,1,0,0,0,1,0,0,0,0,0,1,0,0,0,0,0,0,['communication'],"Applicants must have a minimum of 4 years of marketing experience, strong communication skills and excellent copywriting skills, together with an understanding of marketing analytics and metrics.  You must also be comfortable with adapting to new software and marketing technology.",Digital Marketing Executive,https://leeds.tech/job/senior-digital-marketing-executive/
188,mid-level,"['Marketing Automation Tools', 'SEO Tools', 'Google Analytics', 'Content Management Systems (e.g., WordPress)', 'Email Marketing Platforms', 'Social Media Platforms', 'Data Analysis Tools', 'Communication Tools', 'Presentation Software', 'Project Management Software']",188,1,0,0,0,1,1,0,0,0,0,1,0,0,0,0,0,0,"['confident', 'diverse', 'enthusiastic', 'writing', 'communicator']","These are just some of the key skills TransUnion is looking for:  Strong copywriter with demonstrable experience of writing about technology and data.  Ideally experience in Product Marketing or Marketing in the Financial Services sector.  Ability to research solutions via interviews and desktop research to understand key messages, customer paint points and USPs.  Ability to work with a diverse number of stakeholders.  Confident at producing and managing a production schedule.  Strong, enthusiastic communicator with good negotiation skills.  Strong and accurate use of English - copywriting experience is preferred",Digital Marketing Executive,https://leeds.tech/job/product-marketing-adviser/
197,mid-level,"['Content Management Systems (e.g., WordPress)', 'Social Media Platforms', 'SEO Tools', 'Google Analytics', 'Email Marketing Platforms', 'Microsoft Office', 'Project Management Software', 'Copywriting Tools', 'Graphic Design Tools', 'Online Analytics Tools']",197,1,0,1,0,1,1,0,0,0,0,1,0,0,0,0,0,0,"['communication', 'organised', 'initiative', 'enthusiastic', 'writing']","Educated to degree level, preferably in PR, Journalism or similar course  :  Exceptional writing skills, competent in spelling and grammar  : Knowledge and experience of developing PR and marketing content  :  Experience of creating social media content and handling accounts  :  Ability to work to tight deadlines and within a fast-paced environment  :  Excellent communication skills  :  A self-starter who shows initiative and is both organised and enthusiastic.
",Digital Marketing Executive,https://leeds.tech/job/content-marketing-co-ordinator/
207,mid-level,"['Social Media Platforms', 'Digital Marketing Platforms', 'SEO Tools', 'Google Analytics', 'Email Marketing Platforms', 'Content Creation Tools', 'Data Analysis Tools', 'Microsoft Office', 'Project Management Software', 'Customer Relationship Management (CRM) Systems']",207,1,0,0,0,0,1,0,0,0,0,1,0,0,0,0,0,0,['attention to detail'],"This role requires strong copywriting skills (for SEO friendly blogs, social media, website content and email campaigns), someone who is comfortable using all major social media platforms and is fluent in their role in the marketing mix, ability to use social media scheduling tools (Hootsuite would be advantageous), ability to understand analytics and how to use them to measure and report on success (including Google Analytics, Facebook, Twitter), attention to detail and good interpersonal skills, including a great telephone and email manner.
",Digital Marketing Executive,https://leeds.tech/job/marketing-executive-little-agency/
239,mid-level,"[Social Media, Events, Digital Marketing, SEO, Analytics, Email Marketing, Content, Data Analysis, Office, Project Management]",239,1,0,0,0,1,1,0,0,0,0,1,0,0,0,0,0,0,['passion'],We are seeking a Digital Marketing Executive who has relevant experience in a general marketing role and a passion for delivering events as well as internal and external communications. ,Digital Marketing Executive,https://leeds.tech/job/marketing-executive-social-media-and-events-fixed-term-contract/
2,mid-level,"['chef', 'provisioning', 'bash', 'python', 'ruby', 'configuration management', 'puppet']",2,0,1,0,1,1,1,0,0,1,0,0,1,0,1,0,0,0,"[Problem-solving, Collaboration, Adaptability, Communication]","Applicants will have a minimum 5 years’ experience in a delivery focussed environment and must be able to demonstrate:
Strong commercial experience of managing complex multi-tier enterprise infrastructure environments
In-depth configuration management, automation and scripting skills including use of a scripting language such as Python or Ruby, proficiency with shell scripting (e.g. BASH)
In-depth knowledge of platform and application automated deployment technologies (e.g. Cobbler, Puppet, Chef, Tivoli Provisioning Manager, Foreman)  and much more.",Engineer,https://leeds.tech/job/platform-engineer-windows/
3,mid-level,"['chef', 'provisioning', 'bash', 'python', 'ruby', 'configuration management', 'puppet']",3,0,1,0,1,0,1,0,0,1,0,0,1,0,1,0,0,0,"[Analytical thinking, Attention to detail, Time management, Flexibility]","Applicatns will have a minimum 5 years’ experience in a delivery focussed environment and must be able to demonstrate:
Strong commercial experience of managing complex multi-tier enterprise infrastructure environments
In-depth configuration management, automation and scripting skills including use of a scripting language such as Python or Ruby, proficiency with shell scripting (e.g. BASH)
In-depth knowledge of platform and application automated deployment technologies (e.g. Cobbler, Puppet, Chef, Tivoli Provisioning Manager, Foreman) and more....",Engineer,https://leeds.tech/job/platform-engineer-linux-and-aws/
4,junior,"['windows', 'linux', '.net|dotnet|dotnetcore']",4,0,1,1,0,1,1,1,0,1,0,0,1,0,0,0,0,0,"['communication', 'organised']","We are looking for a graduate who is familiar with the Linux environment, systems administration and networking, with a knowledge of Windows, who is well organised and can work alone as well as within a team.  It is also necessary to have very good communication skills, especially for producing written documents.",Engineer,https://leeds.tech/job/graduate-tech-operations-engineer/
17,mid-level,"['php', 'aws', 'linux', 'python', 'aws|amazon web services', 'sql']",17,0,1,0,1,1,1,1,0,1,0,0,1,0,1,0,0,0,"[Problem-solving, Collaboration, Adaptability, Communication, Attention to Detail]","In addition to a UK full driving licence and your own vehicle, you will have knowledge and experience of the following:  AWS services and solutions, setting up Linux-based servers, SQL database, PHP/Python and CI tools.  You will also be adept at simplifying complex language so that all can understand.",Engineer,https://leeds.tech/job/development-operations-engineer/
24,senior,['cisco'],24,0,1,0,1,1,1,0,0,1,0,1,1,0,1,0,0,0,"[Problem-solving, Collaboration, Adaptability, Communication]","Netpremacy is a global IT solutions provider based in Leeds, UK. Specialising in the design and deployment of cloud services, we partner with leading corporations including Cisco, Proofpoint, and Google. As a Google Premier Partner, we supply organisations with cutting edge cloud solutions from Google, including G Suite, Google Drive, and Chrome devices.",Engineer,https://leeds.tech/job/senior-google-cloud-platform-engineer/
43,senior,"['linux', '.net|dotnet|dotnetcore']",43,0,1,0,1,1,1,0,0,1,0,0,1,0,1,0,0,0,"[Problem-solving, Collaboration, Adaptability, Communication]","Applications will be welcomed from those who have a detailed knowledge of Linux Kernel, device drivers and Android frameworks, experience in embedded software development, expertise in digital video and DVB software and also in IP networking, wireless and Bluetooth technologies.",Engineer,https://leeds.tech/job/senior-software-engineer/
44,senior,"['aws', 'aws|amazon web services', 'configuration management']",44,0,1,0,1,0,1,1,1,1,0,0,1,0,1,0,0,0,"[Leadership, Problem-solving, Collaboration, Adaptability]","Your experience must include: automation and configuration management in an enterprise public cloud environment, DevOps and CI/CD Pipeline and knowledge of the principles and implementation, and Cloud computing including AWS in a corporate setting.",Engineer,https://leeds.tech/job/senior-devops-engineer/
46,senior,['cucumber|cucumberbdd'],46,0,1,0,1,1,1,0,1,1,0,1,1,0,0,0,0,0,"[Leadership, Analytical thinking, Collaboration, Communication]","Amongst other experience and skills, you will have extensive QA experience in a lead position a knowledge of current trends and latest test approaches, an understanding of test methodologies, commercial experience in automated software tests with Cucumber and testing RESTful APIs.",Engineer,https://leeds.tech/job/lead-qa-automation-engineer/
47,mid-level,"['vmware*', 'windows server', 'cisco', 'windows', '.net|dotnet|dotnetcore']",47,0,1,0,1,1,1,0,0,1,0,0,1,0,1,0,0,0,"[Problem-solving, Collaboration, Adaptability, Communication]","Required for this post are an excellent working knowledge of Microsoft Enterprise technologies, Windows Server 2012 and 2016 and VMware vSphere plus a working knowledge of TCP/IP networks.  You will also have a range of knowledge of web technologies, databases, and hands on installation and maintenance of Cisco, Brocade and Check Point technologies.",Engineer,https://leeds.tech/job/engineer/
96,junior,"['javascript|js|es6|ecmascript|ecmascript7', 'csharp|c#', 'angular|angularjs|angular.js', 'jquery', 'angular', 'c', 'sql']",96,0,1,0,1,1,1,0,0,1,0,0,1,0,1,0,0,0,"[Problem-solving, Collaboration, Adaptability, Communication]","Applicants will have experience and knowledge of developing apps using .NET 4.6.2 (C#), Web API, Angular JS, JQuery, Entity Framework and T-SQL.",Engineer,https://leeds.tech/job/junior-software-engineer/
120,senior,"['cucumber|cucumberbdd', 'java', 'selenium']",120,,,,1,,1,,,,,,1,,,,,,['mentoring'],"You are highly experienced with excellent Java skills, together with Selenium and some of: Soap CI, API testing, Postman, Gherkin and Cucumber.  You will be competent act as tech authority and to carry out mentoring of junior staff.",Engineer,https://leeds.tech/job/lead-software-test-engineer/
121,mid-level,"['Testing Tools (e.g., Selenium, JUnit)', 'Bug Tracking Systems', 'Test Case Management Tools', 'SQL', 'Version Control Systems (e.g., Git)', 'JIRA', 'Continuous Integration Tools', 'Automation Testing Frameworks', 'Agile Testing Tools', 'Performance Testing Tools'
]",121,0,1,0,1,0,1,1,1,0,0,0,1,0,0,0,0,0,['leadership'],"Seeking someone to take technical leadership to ensure the correct approach, scope and technical environment.  The Software Test Engineer plans, executes and delivers all assigned test activities to the timescale required.",Engineer,https://leeds.tech/job/software-test-engineer/
124,mid-level,"['API Development Tools', 'Microservices Architecture', 'Programming Languages (e.g., Java, Python)', 'Web Frameworks (e.g., Flask, Spring Boot)', 'RESTful APIs', 'Containerization and Orchestration (e.g., Docker, Kubernetes)', 'Message Brokers (e.g., RabbitMQ)', 'Database Systems', 'Version Control Systems (e.g., Git)', 'CI/CD Tools'
]",124,0,1,0,1,1,1,0,0,0,0,1,1,0,1,0,0,0,"[Problem-solving, Collaboration, Adaptability, Communication]","As our next API & Micro services Software Development Engineer you’ll design, build, test, implement and support Digital technologies being introduced to achieve a major re-platforming from the current website monolith to an API and micro services architecture. You’ll join a likeminded team in our Leeds based Technology Delivery function.",Engineer,https://leeds.tech/job/software-development-engineer-api-microservices/
147,mid-level,"['sqlserver|sql server|sqldatatools', 'sql']",147,,,,1,,1,,,,,,1,,,,,,['enthusiastic'],Medisoft seeks a SQL server expert who is both intuitive and enthusiastic about IT and the opportunity to support the UK's leading system for eye care.,Engineer,https://leeds.tech/job/software-implementation-engineer/
160,senior,"['stack', 'scrum']",160,0,1,0,1,1,1,0,1,1,0,0,1,0,1,0,0,0,"[Collaboration, Leadership, Adaptability, Communication]","Platform and full stack engineers, Project Managers and architects should get in touch with Infinity Works to explore careers opportunities.",Engineer,https://leeds.tech/job/platform-engineers-full-stack-engineers-scrum-masters-architects/
163,mid-level,"['windows', 'linux', '.net|dotnet|dotnetcore']",163,0,1,1,1,0,1,1,0,0,0,0,1,0,0,0,0,0,['organisation'],"You are experienced in Linux environments and administration as well as Windows.  You have computer networking knowledge and the ability to write and present documentation on projects and systems, working well both individually and as part of a team, with good organisation skills.",Engineer,https://leeds.tech/job/technical-operations-engineer-2/
165,mid-level,['python'],165,0,1,0,1,1,1,0,0,0,0,0,1,0,0,0,0,0,['communication'],"All software engineers have core responsibilities, some of which are:  technical aspects of a project, analysis and design, clear communication with clients, construction and testing of software components, QA and practical experience of software development in Python.",Engineer,https://leeds.tech/job/software-engineer-python/
166,mid-level,"['javascript', 'javascript|js|es6|ecmascript|ecmascript7', 'csharp|c#', 'c']",166,,1,,1,,1,1,,1,,,1,,,,,,['diverse'],"BJSS is looking for an experienced developer and multi-faceted technologist who is excited about C# and JavaScript; who is wanting to work on diverse projects, delivering sometimes original solutions to clients across various sectors.",Engineer,https://leeds.tech/job/software-engineer-c-net/
167,mid-level,"['javascript', 'javascript|js|es6|ecmascript|ecmascript7', 'agile', 'html']",167,0,1,0,1,1,1,0,0,0,0,0,1,0,1,0,0,0,"[Problem-solving, Collaboration, Adaptability, Communication]","End to end software project delivery using BJSS Enterprise Agile or the client's preferred method.  Analysis and design, construction and testing - experience of web/app containers, NoSQL technologies, persistence frameworks, HTML5 and JavaScript and more. ",Engineer,https://leeds.tech/job/software-engineer-java/
169,mid-level,"['windows', 'linux', '.net|dotnet|dotnetcore']",169,0,1,1,1,1,1,1,0,0,0,0,1,0,0,0,0,0,"['communication', 'organisation']","Experience in Linux and Windows is required, together with a knowledge of computer networking, good organisation and communication skills and working within a team or independently.  Out of hours and week-end working will be required.",Engineer,https://leeds.tech/job/technical-operations-engineer/
29,junior,"['Jira', 'Trello', 'Microsoft Project', 'Agile project management tools', 'Risk management tools', 'Budget tracking tools', 'Stakeholder management tools', 'Documentation tools', 'Time management tools']",29,1,1,1,1,1,1,0,1,1,0,0,0,0,0,0,1,1,"['time management', 'literacy', 'problem-solver', 'communicator']","With high level IT literacy, at least one year in a project management role with an understanding of approaches and methods, you will also be a good communicator and problem-solver, methodical and able to demonstrate excellent time management skills.",Project Manager,https://leeds.tech/job/junior-project-manager/
53,mid-level,"['Microsoft Project', 'Agile Project Management Software', 'Risk Management Tools', 'Communication and Collaboration Tools', 'Budgeting Tools'
]",53,0,0,1,1,1,0,0,1,1,0,0,0,0,0,0,1,0,"[Leadership, Project management, Collaboration, Communication]","You must have at least three years' agency experience with multi-, large-scale web development/ecommerce projects, together with a thorough understanding of the technical skills required for particular aspects, and the knowledge to select the right people for those tasks.",Project Manager,https://leeds.tech/job/project-manager-2/
59,mid-level,"['Project Management Software', 'Agile Project Management Software', 'Risk Management Tools', 'Communication and Collaboration Tools', 'Budgeting Tools'
]",59,0,0,1,1,1,1,0,1,1,0,0,0,0,0,0,1,1,['organised'],"Applicants will have been educated to degree level, be excellent communicators, especially when it comes to explaining terminology to people unfamiliar with tech; be well organised, have an eye for new business and have the qualities necessary for people management.",Project Manager,https://leeds.tech/job/project-manager-max-card/
61,mid-level,['agile'],61,0,0,1,1,1,0,0,1,1,0,0,0,0,0,0,1,0,"[Leadership, Project management, Collaboration, Communication]","Together with at least 5 years' project management experience in an Agile environment, some of which has been gained agency-based, you will have proven ability to work within budget and to given deadlines.  You will also be qualified in Agile project management techniques.",Project Manager,https://leeds.tech/job/29094/
71,mid-level,"['Project Management Software', 'Agile Project Management Software', 'Risk Management Tools', 'Communication and Collaboration Tools', 'Budgeting Tools'
]",71,0,0,1,1,1,1,0,1,1,0,0,0,0,0,0,1,1,"[Leadership, Project management, Collaboration, Communication]","epiphany seeks someone with proven project management experience, who is meticulous about documentation and can prioritise based on commercial criteria.  Additionally, we are looking for someone who can resolve and manage conflict.",Project Manager,https://leeds.tech/job/digital-project-manager-2/
99,mid-level,"['jira', 'html', 'css']",99,0,0,1,1,1,0,0,1,1,0,0,0,0,0,0,1,1,['communication'],"The essentials for this post are:  A minimum 1 year of experience in a digital role, experience with project management software such as Basecamp, Jira, Wrike etc, familiarity with Content Management systems and HTML/CSS and communication and team management skills.
Qualification in Computer Science, Digital Marketing or relevant field",Project Manager,https://leeds.tech/job/digital-project-manager/
110,mid-level,"['Project Management Software', 'Agile Methodologies', 'Risk Management Tools', 'Communication and Collaboration Tools', 'Budgeting Tools', 'Stakeholder Management', 'Team Leadership Skills', 'Scope Management', 'Change Management', 'Time Management'
]",110,0,1,1,1,1,1,0,1,1,0,0,0,0,1,0,1,0,"[Leadership, Project Management, Communication, Problem-solving, Adaptability, Collaboration]","You will have experience of managing agency bespoke projects, including the entire lifecycle.  You will be comfortable working with tech architects and communicating with clients.",Project Manager,https://leeds.tech/job/technical-project-manager-4/
144,mid-level,"['Project Management Software', 'Agile Methodologies', 'Risk Management Tools', 'Communication and Collaboration Tools', 'Budgeting Tools', 'Stakeholder Management', 'Team Leadership Skills', 'Scope Management', 'Change Management', 'Time Management'
]",144,0,0,1,1,1,1,0,1,1,0,0,0,0,0,0,1,0,"[Leadership, Project management, Collaboration, Communication]","You will have an understanding of website development and digital marketing.  You may have an IT or business related degree or be an existing project manager, perhaps on the client side.",Project Manager,https://leeds.tech/job/20327/
150,mid-level,"['Project Management Software', 'Agile Methodologies', 'Risk Management Tools', 'Communication and Collaboration Tools', 'Budgeting Tools', 'Stakeholder Management', 'Team Leadership Skills', 'Scope Management', 'Change Management', 'Time Management'
]",150,0,0,1,1,1,1,0,1,1,0,0,0,0,0,0,1,1,"[Leadership, Project management, Collaboration, Communication]",Rejuvenate is seeking a Technical Project Manager to manage the complete life cycle within timeframes and between internal teams and clients.,Project Manager,https://leeds.tech/job/technical-project-manager-2/
153,mid-level,"['Project Management Software', 'Agile Methodologies', 'Risk Management Tools', 'Communication and Collaboration Tools', 'Budgeting Tools', 'Stakeholder Management', 'Team Leadership Skills', 'Scope Management', 'Change Management', 'Time Management'
]",153,0,0,1,1,1,1,0,1,1,0,0,0,0,0,0,1,0,['organised'],"Elementary is seeking a Project Manager who is used to a fast-paced working environment and loves web design and digital marketing.  You should be extremely well organised, a good learner, and ready to make people smile.",Project Manager,https://leeds.tech/job/project-manager/
176,mid-level,"['Project Management Software', 'Agile Methodologies', 'Facilitation Tools', 'Communication and Collaboration Tools', 'Budgeting Tools', 'Stakeholder Management', 'Team Leadership Skills', 'Scope Management', 'Change Management', 'Time Management']",176,0,0,1,0,1,1,0,1,1,0,0,1,0,0,0,1,1,"['confident', 'organisation', 'attention to detail']","We’re looking for somebody who is confident working with stakeholders at varying levels in order to achieve results. Naturally, you will have exposure to project planning, be familiar with coordinating projects across multiple teams and departments, and managing multiple stakeholders. You will have high attention to detail, and you must have impeccable organisation skills that you will be able to use to manage multiple complex projects.  Any technical/digital project planning experience is desirable but not essential.",Project Manager,https://leeds.tech/job/project-planner-and-facilitator/
201,mid-level,"['agile', '.net|dotnet|dotnetcore', 'tdd']",201,0,1,1,1,1,0,0,1,1,0,0,0,0,1,0,1,1,"[Leadership, Communication, Problem-solving, Time Management, Adaptability, Collaboration]","Possession of some of the following attributes is required - Good PM experience – we have PMs with a year or 2 under their belt to 20+ years :  End to end software delivery lifecycle experience : Hands-on Agile experience : Client interaction – do you regularly deal with clients? To what level? : A good understanding of software development practices. Are you up to speed on CI/CD? BDD / TDD? :
Commercial acumen – we don’t always take a PM with £10m + budget experience, but can you talk to solid financial management skills? : Self-starter – we don’t expect to be holding hands but will provide a support network to you to achieve success : People person – Project Managers have overall responsibility for the wellbeing of their team : Not looking for a standard 9-5 job : Happy to contribute to the advancement of the overall Delivery Management group.",Project Manager,https://leeds.tech/job/project-manager-4/
218,mid-level,"['Project Management Software', 'Agile Methodologies', 'Risk Management Tools', 'Communication and Collaboration Tools', 'Budgeting Tools', 'Stakeholder Management', 'Team Leadership Skills', 'Scope Management', 'Change Management', 'Time Management']",218,0,0,1,1,1,0,0,1,1,0,0,0,0,0,0,1,1,"['confident', 'organised', 'communicator']","What do you need?
Educated to degree level in a marketing or business related topic preferred but not essential
Two years minimum relevant project experience and an understanding of digital marketing, design and development projects
A whizz at keeping project admin in check and the communications flowing throughout the business in a timely manner
A confident communicator, able to present to internal stakeholders at all levels
Work across a variety of functions with the ability to drive the delivery with a range of people at all levels
Proven experience of managing projects
Organised, detail orientated with a focus on output
Sleeves rolled up
A project management qualification would be welcome but not essential",Project Manager,https://leeds.tech/job/project-manager-5/
234,mid-level,['agile'],234,0,0,1,1,1,1,0,1,1,0,0,0,0,0,0,1,1,"['communication', 'leadership']","You must be adaptable, have excellent communication skills, proven leadership skills, a keen interest in technology and a working knowledge of Agile methodologies.",Project Manager,https://leeds.tech/job/project-manager-3/
235,junior,['agile'],235,0,0,1,1,1,1,0,1,1,0,0,0,0,0,0,1,1,"['communication', 'leadership']","You must be able to demonstrate great team leadership, knowledge of Agile methodologies and a real interest in technology, alongside excellent communication skills, both internal and with clients.",Project Manager,https://leeds.tech/job/junior-project-manager-3/
240,senior,"['scrum', 'team foundation server']",240,0,0,1,1,1,0,0,1,1,0,0,0,0,0,0,1,0,['leadership'],"
 

Your qualifications and experience will be as follows:
Scrum Alliance Certified ScrumMaster® (CSM®) or equivalent
3+ years working in a Product Development environment
Working knowledge of Team Foundation Server to manage workload, track team velocity, burndown etc
Possess conflict resolution capability focusing on Scrum values of openness, honesty and respect
Ability to influence without the need for hierarchical authority - servant leadership",Project Manager,https://leeds.tech/job/scrum-master/
255,junior,"[Project Management, Agile, Risk Management, Communication, Budgeting, Leadership, Scope Management, Change Management, Time Management]",255,1,1,1,0,1,1,0,1,1,0,0,0,0,0,0,1,1,"['communication', 'motivated', 'literate', 'ambitious', 'problem solver']","Dataphiles is looking for someone with at least one year of project management experience, who is IT literate, works well under pressure, is a problem solver and a good time manager.  The successful applicant will also have proven communication skills, be ambitious, motivated and ready to continue to learn.  ",Project Manager,https://leeds.tech/job/junior-project-manager-2/
9,senior,"['javascript|js|es6|ecmascript|ecmascript7', 'aws', 'jenkins', 'html', 'kubernetes', 'aws|amazon web services', 'css', 'react']",9,0,0,1,1,0,1,0,1,1,0,0,0,0,0,1,1,0,"[Leadership, Decision-making, Conflict resolution, Project management]","You will demonstrate strengths in:  React and other JS/HTML/CSS for client side; Node and PHO for server side and Kubernetes, AWS, Dcket and Jenkins for deployment.",Technical Manager,https://leeds.tech/job/tech-lead/
82,peak,"['Customer Relationship Management (CRM) Systems', 'Salesforce', 'Microsoft Office', 'Communication Tools', 'Data Analysis Tools', 'Sales Enablement Tools', 'Lead Generation Tools', 'Market Research Tools', 'Business Intelligence Platforms', 'Strategic Planning Tools'
]",82,0,0,1,1,1,1,0,1,1,0,0,0,0,1,1,0,0,"[Communication, Relationship building, Adaptability, Time management]","Applicants will have experience with medium to high value sales and be a hunter, closer and have entrepreneurial flair.  Tenacity and professionalism within a fast-paced environment are important qualities.  The essential is to have B2B outbound prospecting experience and of deivering pitches.",Technical Manager,https://leeds.tech/job/regional-business-development-manager-full-or-part-time/
107,senior,['agile'],107,0,0,1,1,1,1,0,1,1,0,0,0,0,0,1,1,0,"[Leadership, Project management, Collaboration, Communication]","You will be an expert in developing software using agile methodologies.  In addition, you will take a disciplined, long-term approach to programme support, metrics and documentation.",Technical Manager,https://leeds.tech/job/technical-programme-manager/
115,mid-level,"['ServiceNow', 'IT Service Management Tools', 'ITIL Framework', 'Communication Tools', 'Stakeholder Management', 'Team Leadership Skills', 'Incident and Problem Management Tools', 'Change Management Tools', 'Documentation Tools', 'Budgeting Tools'





]",115,0,0,1,1,1,1,0,1,1,0,0,0,0,0,1,0,0,"['communication', 'leader']","You should have the ITIL qualification, be an experienced team leader as well as having managed third parties, and you should demonstrate excellent communication skills for this post.",Technical Manager,https://leeds.tech/job/technical-service-delivery-manager/
125,senior,['provisioning'],125,0,0,1,1,1,1,0,1,1,0,0,0,0,0,1,1,0,"[Leadership, Project management, Collaboration, Communication]","As our next Service Lead in Data Provisioning you’ll lead the development team to build, implement and support our IT systems to better meet the needs of our members. You’ll join a likeminded team in our Leeds based Technology Delivery function.",Technical Manager,https://leeds.tech/job/service-lead-data-provisioning/
162,senior,"['Social Media Platforms', 'Community Management Tools', 'Content Creation Tools', 'Monitoring and Listening Tools', 'Communication Tools', 'Data Analysis Tools', 'Project Management Software', 'Customer Relationship Management (CRM) Systems', 'SEO Tools', 'Google Analytics']",162,,,1,1,,1,,1,1,,,,,,1,,,['passionate'],"With over 1 year of experience in sales or account management in digital/tech, you will be willing to travel, be a relationship builder at all levels, passionate about the North and its future and have commercial acumen and negotiating skills.",Technical Manager,https://leeds.tech/job/partnerships-manager/
204,peak,"['Social Media Monitoring Tools', 'Crisis Management Tools', 'Communication Tools', 'Data Analysis Tools', 'Project Management Software', 'SEO Tools', 'Google Analytics', 'Monitoring and Listening Tools', 'Customer Relationship Management (CRM) Systems', 'Media Analysis Platforms']",204,0,0,1,1,1,0,0,1,1,0,0,0,0,0,1,0,0,"['presentation', 'communication', 'reporting']","Some of the skills you will have are:  
Experience in handling crisis monitoring, triage and assessment and incident reporting / appropriate escalation.  
Excellent crisis planning skills.
Good communication, interpersonal and presentation skills.
Professional business manner and working practice, able to set an example for the rest of the team.
A can-do attitude and a desire to support with the growth and development of a new business area.
Knowledge and experience of media response including social media approaches during a crisis / incident.
",Technical Manager,https://leeds.tech/job/head-of-issue-and-crisis-monitoring-social-media/
217,mid-level,"['jira', 'optimisation']",217,0,0,1,1,0,1,0,1,1,0,0,1,0,0,1,0,0,"['organised', 'ambition', 'proactive', 'leadership', 'attention to detail', 'strategic']","As a Mobile App Optimisation Lead, you will have a strong understanding and experience of Mobile App development, be a strong strategic thinker and be comfortable leading a team. Ambition to drive and maximise growth of the apps channel, identify revenue opportunities and deliver customers a ‘best in class’ app experience that will enhance their booking and post booking experience. Also, experience working with App store management, PM tools (e.g. Jira, TFS), analytics tools (e.g. Google Analytics, App Annie, Crashlytics, Firebase) will be essential.

The successful candidate needs to bring proven 2-3 years of strategic leadership experience and a positive can do attitude to the team, be personable, proactive, organised and efficient with great attention to detail and commercial acumen.",Technical Manager,https://leeds.tech/job/mobile-app-optimisation-lead/
241,senior,"['cucumber|cucumberbdd', 'docker|dockercon', 'javascript|js|es6|ecmascript|ecmascript7', 'chef', 'aws', 'angular|angularjs|angular.js', 'jenkins', 'angular', 'selenium', 'docker', 'aws|amazon web services', 'react', 'node.js|nodejs']",241,,,1,1,,1,,1,1,,,,,,1,,,['initiative'],"You will provide technical expertise and direction for the Automation Squad, building software to help our Safer Gambling and Compliance initiative.  Whilst expertise is not required in all of the following, some experience would be be ideal:  React, NodeJS, Express, Kotlin, Angular, .Net, Apex, AWS, Jenkins, Chef, Salesforce, Docker, Rancher, Gherkin, Selenium, Cucumber, Prometheus & Terraform.",Technical Manager,https://leeds.tech/job/tech-lead-enterprise-services-tribe/
242,senior,"['gradle', 'stack', 'java', 'http', 'git', 'c', 'xcode']",242,0,0,1,1,1,1,0,1,1,0,0,0,0,0,1,0,0,"[Leadership, Analytical thinking, Collaboration, Communication]","We expect candidates to be from an iOS Mobile Development background or Android Mobile Development background or both.
Our iOS tech stack is Objective-C/Swift using Xcode 10 with knowledge of WKWebView and familiarity with the latest iOS SDK (iOS 12) and using CocoaPods for dependency management.  Our Android tech stack is Java and Kotlin with knowledge of Gradle.
We don’t expect you to be an expert in all these things, but expect a polyglot attitude to technology.  We expect candidates to have a keen interest in the latest mobile development trends.  We also expect candidates to have an understanding of HTTP protocols, requests and responses as well as experience of using git source control",Technical Manager,https://leeds.tech/job/tech-lead-native/
244,senior,['agile'],244,0,0,1,1,1,0,0,1,1,0,0,0,0,0,1,1,0,"[Leadership, Project management, Collaboration, Communication]","We are looking for a Senior Agile Delivery Lead with a good technical background who has worked with large third parties to join our Gaming Tribe.  In particular, you will be comfortable in a role with a high degree of tech focussed stakeholders, working with a high visibility set of teams, central to the tribe’s service and operational management, delivering a complex roadmap of features and “business as usual” tasks.
",Technical Manager,https://leeds.tech/job/senior-agile-delivery-lead-gaming-tribe/
245,senior,"[Design, Management, CAD, Prototyping, Communication, Budgeting, Leadership, Risk Management, Documentation]",245,0,1,1,1,1,0,0,1,1,0,0,0,0,0,1,0,0,"['communication', 'leader', 'team player', 'committed', 'collaborative', 'leadership', 'strategic', 'problem solver']","You will have experience of leading engineering teams in an evolving and dynamic environment, ideally in online betting and gaming or a similar web-scale industry where software is always on, and customer experience is always more than a consideration.
You are a committed team player who demonstrates exceptional communication, interpersonal skills and consistent high energy levels, who recognises the importance of people in technology solutions.
You have team leader experience, with a reputation for thought leadership, strategic thinking and with a strong technical background;
an analytic problem solver with a strong sense of autonomy, but with an open collaborative approach to getting the job done.",Technical Manager,https://leeds.tech/job/engineering-manager/
253,senior,"[ITSM, ITIL, Continuity, Risk Management, Communication, Leadership, Budgeting, Incident Response, Crisis Management]",253,0,1,1,1,0,0,0,1,1,0,0,0,0,0,1,0,0,['problem-solving'],"TransUnion is looking for someone with extensive experience of working in an ITIL aligned environment, leading and delivering ITSC, applying business continuity practices and risk frameworks.  Applicants will have relationship and problem-solving management skills, together with knowledge of MS Office.",Technical Manager,https://leeds.tech/job/manager-it-service-continuity/
0,mid-level,"['VMware', 'Cisco', 'Juniper', 'Windows Server', 'Linux', 'Nagios', 'PRTG', 'Veeam', 'Visio', 'Incident response tools']",0,1,1,1,0,1,0,0,0,0,0,0,0,0,0,0,0,1,"['literacy', 'problem-solver', 'organised']","In order to apply for this post you must be organised, have a high standard of literacy, a full UK driving licence, able to work within a team or on your own, be willing to do overtime and have experience of working in a data centre or computer room environment.  You must also be a good problem-solver.",Technician,https://leeds.tech/job/data-centre-technician/
12,mid-level,"['mysql', 'linux']",12,0,1,0,0,1,0,0,0,0,0,0,0,0,1,0,0,1,"['flexible', 'customer service']","Applicants will be flexible to work week-ends, extended shifts and join the on-call rota.  Experience in a similar role is required, with skills which include excellent customer service and SMS, SMPP, VoIP/SIP, MVNO, JIRO, COnfluence, Linux/MySQL and much more.",Technician,https://leeds.tech/job/2nd-line-technical-operations-technician/
25,junior,['cisco'],25,0,1,0,0,1,,0,0,0,0,0,0,0,1,0,0,1,"[Customer service, Problem-solving, Communication, Adaptability]","Netpremacy is a global IT solutions provider based in Leeds, UK. Specialising in the design and deployment of cloud services, we partner with leading corporations including Cisco, Proofpoint, and Google. As a Google Premier Partner, we supply organisations with cutting edge cloud solutions from Google, including G Suite, Google Drive, and Chrome devices.",Technician,https://leeds.tech/job/support-technician/
33,mid-level,"['vmware*', 'windows server', 'windows']",33,0,1,0,0,1,0,0,0,0,0,0,0,0,1,0,0,1,"[Customer service, Problem-solving, Communication, Adaptability]","You will have experience with a range of end user support and administration, including Office 364, WIndows Server, Hyper-V, VMware, Skype for Business, networks and firewalls, and you will be used to managing tickets, from notification of the issue through to resolution.",Technician,https://leeds.tech/job/2nd-line-support-service-desk-engineer/
68,junior,['windows'],68,0,1,0,0,1,0,0,0,0,0,0,0,0,1,0,0,1,"[Customer Service, Problem-solving, Communication, Patience, Adaptability]","You will have experience in offering IT support and a knowledge of desktop PCs and operating systems, including Windows XP and WIndows 7.   You will also have knowledge of and worked with firewalls, back up technology, AV software management and IT security. ",Technician,https://leeds.tech/job/1st-line-technical-support/
98,mid-level,"['Technical Support Tools', 'Troubleshooting Tools', 'Operating Systems (e.g., Windows, Linux)', 'Network Monitoring Tools', 'Security Tools', 'Hardware Diagnostic Tools', 'Remote Access Tools', 'Virtualization Technologies', 'Scripting Languages (e.g., PowerShell, Bash)', 'Endpoint Management Tools'
]",98,0,1,0,0,1,1,0,0,0,0,0,1,0,0,0,0,1,['critical'],"Your experience will cover:  a role as team manager in an ITIL based environment, high availability ecommerce and critical operations systems with geographically spread data centres, SAN storage systems and systems management.",Technician,https://leeds.tech/job/it-technical-specialist/
161,mid-level,"['Troubleshooting Tools', 'Remote Support Tools', 'Ticketing Systems', 'Knowledge Base Software', 'Communication Tools', 'Customer Support Platforms', 'Hardware Diagnostic Tools', 'Network Monitoring Tools', 'Virtualization Technologies', 'Operating Systems Proficiency']",161,0,1,0,0,1,1,0,0,0,0,0,1,0,0,0,0,1,['all-rounder'],"You will have a minimum of 5 years' in technical support and be a good all-rounder, with excellent knowledge of desktop PCs  and operating systems,  networks and firewalls, anti-virus management and roll-out, back-up technology, IT security and server set-up.",Technician,https://leeds.tech/job/second-line-technical-support/
174,mid-level,['excel'],174,0,1,1,0,0,0,0,0,0,0,0,0,0,0,0,0,1,"['motivated', 'organised']","Ideally, you will have:  HND in Electronics  :  The ability to read an electronic schematic (circuit diagram)  :  Experience in usage of electronic test equipment, e.g. PSUs, DVMs, Oscilloscopes  :  The ability to use software tools to update firmware on electronic devices.
A methodical approach  :  Good communications skills  :  A self-motivated, well organised, and adaptable approach  :  Experience of Microsoft Office tools, Word, Excel etc.  :  A clean driving licence.",Technician,https://leeds.tech/job/validation-technician/
179,mid-level,['c'],179,0,1,0,0,1,0,1,0,0,0,0,0,0,0,0,0,1,"['customer service', 'passion', 'maths', 'driven']","What you'll bring:  A passion for quality driven customer service.  Experience of working in a service desk or call centre environment
GCSE English and Maths grade C (or equivalent) - Essential.  A degree in any discipline - Desirable
Note this role carries out of hours (on call)  responsibilities.",Technician,https://leeds.tech/job/technician-client-service-desk/
219,junior,"['windows server', 'windows']",219,0,1,0,1,0,0,0,0,0,0,0,0,0,1,0,0,1,"['flexible', 'team player']","Hands-on experience of the following:

Windows Server 2012 Administration
Microsoft Active Directory
Office 365
A clear understanding of IT security issues including, anti-virus, malware prevention
Team player with the ability to work both as part of our small team and autonomously while taking full ownership for tasks and projects that are assigned to you
The experience to identify where support and/or improvement is required and proactively provide it
Flexible and adaptable with a hands-on approach, you’ll be excited by new ideas and technology and willing to pick up and work with new initiatives no matter how unfamiliar.",Technician,https://leeds.tech/job/it-support-technician/
261,junior,"[Helpdesk, Remote Desktop, Troubleshooting, Communication, Support, Operating Systems, Networking, Hardware, Knowledge Base, ITSM]",261,0,1,0,0,1,0,0,0,0,0,0,0,0,0,0,0,1,['communicator'],"Please do not apply to Vital if you are looking for a predictable working life with limited opportunities.  You will have relevant experience, be an excellent communicator (especially with customers) and you will have certificates in Microsoft or CompTIA.",Technician,https://leeds.tech/job/1st-2nd-line-helpdesk-support-engineer/
